{
	"parent":"item/cupcake_d",
	"textures": {
			"1": "move/cupcake_2_3",
			"2": "move/cupcake_3_3",
			"3": "move/cupcake_4_3",
			"1_0": "move/cupcake_1",
			"1_1": "move/cupcake_2_2",
			"1_2": "move/cupcake_3_2",
			"1_3": "move/cupcake_4_2",
			"particle": "move/cupcake_1"
		},
	"overrides":
		[
			{"predicate":{"custom_model_data":1},"model":"item/cupcake_0"},
			{"predicate":{"custom_model_data":2},"model":"item/cupcake_1"},
			{"predicate":{"custom_model_data":3},"model":"item/cupcake_2"},
			{"predicate":{"custom_model_data":4},"model":"item/cupcake_3"},
			{"predicate":{"custom_model_data":5},"model":"item/cupcake_f"},
			{"predicate":{"custom_model_data":6},"model":"item/cupcake_5"}
		]
}