{
	"credit": "Made with Blockbench",
	"textures": {
		"0": "move/slash",
		"particle": "move/slash"
	},
	"elements": [
		{
			"from": [7, -4.5, 6],
			"to": [9, 4.5, 9],
			"faces": {
				"north": {"uv": [8, 0, 10, 9], "texture": "#0"},
				"east": {"uv": [5, 0, 8, 9], "texture": "#0"},
				"west": {"uv": [0, 0, 3, 9], "texture": "#0"},
				"up": {"uv": [3, 9, 5, 12], "texture": "#0"},
				"down": {"uv": [3, 7, 5, 10], "texture": "#0"}
			}
		},
		{
			"from": [7, 4.5, 7],
			"to": [9, 8.5, 10],
			"faces": {
				"north": {"uv": [8, 0, 10, 4], "texture": "#0"},
				"east": {"uv": [5, 0, 8, 4], "texture": "#0"},
				"south": {"uv": [3, 0, 5, 4], "texture": "#0"},
				"west": {"uv": [0, 0, 3, 4], "texture": "#0"},
				"up": {"uv": [3, 9, 5, 12], "texture": "#0"}
			}
		},
		{
			"from": [7, -8.5, 7],
			"to": [9, -4.5, 10],
			"faces": {
				"north": {"uv": [8, 0, 10, 4], "texture": "#0"},
				"east": {"uv": [5, 0, 8, 4], "texture": "#0"},
				"west": {"uv": [0, 0, 3, 4], "texture": "#0"},
				"down": {"uv": [4, 8, 6, 11], "texture": "#0"}
			}
		},
		{
			"from": [7, -11.5, 9],
			"to": [9, -8.5, 11],
			"faces": {
				"north": {"uv": [8, 0, 10, 3], "texture": "#0"},
				"east": {"uv": [5, 0, 7, 3], "texture": "#0"},
				"west": {"uv": [0, 0, 2, 3], "texture": "#0"},
				"down": {"uv": [0, 5, 2, 7], "texture": "#0"}
			}
		},
		{
			"from": [7, 8.5, 9],
			"to": [9, 11.5, 11],
			"faces": {
				"north": {"uv": [8, 0, 10, 3], "texture": "#0"},
				"east": {"uv": [5, 0, 7, 3], "texture": "#0"},
				"south": {"uv": [3, 0, 5, 3], "texture": "#0"},
				"west": {"uv": [0, 0, 2, 3], "texture": "#0"},
				"up": {"uv": [5, 5, 7, 7], "texture": "#0"}
			}
		}
	],
	"display": {
		"thirdperson_righthand": {
			"translation": [0, 3.75, 1.75],
			"scale": [0.7, 0.7, 0.7]
		},
		"thirdperson_lefthand": {
			"translation": [0, 3.75, 1.75],
			"scale": [0.7, 0.7, 0.7]
		},
		"firstperson_righthand": {
			"translation": [2, 7.75, 0.25],
			"scale": [0.6, 0.6, 0.6]
		},
		"firstperson_lefthand": {
			"translation": [2, 7.75, 0.25],
			"scale": [0.6, 0.6, 0.6]
		},
		"ground": {
			"rotation": [90, 90, 0],
			"translation": [0, -0.75, 8]
		},
		"gui": {
			"rotation": [-2, 118, 16],
			"translation": [0.5, 5.25, 0],
			"scale": [0.66, 0.66, 0.66]
		},
		"head": {
			"translation": [0, -33.5, 0.5],
			"scale": [1.5, 1.5, 1.5]
		},
		"fixed": {
			"rotation": [0, 90, 0],
			"translation": [0, 6.25, 0],
			"scale": [0.76, 0.76, 0.76]
		}
	}
}