{
	"credit": "Made with Blockbench",
	"textures": {
		"1": "move/web"
	},
	"elements": [
		{
			"from": [-16, -1, 7.5],
			"to": [32, 1, 8.5],
			"faces": {
				"north": {"uv": [0, 0, 16, 2], "texture": "#1"},
				"east": {"uv": [0, 0, 1, 2], "texture": "#1"},
				"south": {"uv": [0, 0, 16, 2], "texture": "#1"},
				"west": {"uv": [0, 0, 1, 2], "texture": "#1"},
				"up": {"uv": [0, 0, 16, 1], "texture": "#1"},
				"down": {"uv": [0, 0, 16, 1], "texture": "#1"}
			}
		},
		{
			"from": [7.5, -1, -16],
			"to": [8.5, 1, 32],
			"faces": {
				"north": {"uv": [0, 0, 1, 2], "texture": "#1"},
				"east": {"uv": [0, 0, 16, 2], "texture": "#1"},
				"south": {"uv": [0, 0, 1, 2], "texture": "#1"},
				"west": {"uv": [0, 0, 16, 2], "texture": "#1"},
				"up": {"uv": [0, 0, 16, 1], "rotation": 90, "texture": "#1"},
				"down": {"uv": [0, 0, 16, 1], "rotation": 270, "texture": "#1"}
			}
		},
		{
			"from": [-16, -1, 7.5],
			"to": [32, 1, 8.5],
			"rotation": {"angle": 45, "axis": "y", "origin": [8, 0.5, 8]},
			"faces": {
				"north": {"uv": [0, 0, 16, 2], "texture": "#1"},
				"east": {"uv": [0, 0, 1, 2], "texture": "#1"},
				"south": {"uv": [0, 0, 16, 2], "texture": "#1"},
				"west": {"uv": [0, 0, 1, 2], "texture": "#1"},
				"up": {"uv": [0, 0, 16, 1], "rotation": 180, "texture": "#1"},
				"down": {"uv": [0, 0, 16, 1], "rotation": 180, "texture": "#1"}
			}
		},
		{
			"from": [1.75, -1, 5.5],
			"to": [2.75, 1, 10.5],
			"rotation": {"angle": 22.5, "axis": "y", "origin": [8, 0.5, 8]},
			"faces": {
				"north": {"uv": [0, 0, 1, 2], "texture": "#1"},
				"east": {"uv": [0, 0, 5, 2], "texture": "#1"},
				"south": {"uv": [0, 0, 1, 2], "texture": "#1"},
				"west": {"uv": [0, 0, 5, 2], "texture": "#1"},
				"up": {"uv": [0, 0, 1, 5], "rotation": 180, "texture": "#1"},
				"down": {"uv": [0, 0, 1, 5], "rotation": 180, "texture": "#1"}
			}
		},
		{
			"from": [-1.75, -1, 4.5],
			"to": [-0.75, 1, 11.5],
			"rotation": {"angle": 22.5, "axis": "y", "origin": [8, 0.5, 8]},
			"faces": {
				"north": {"uv": [0, 0, 1, 2], "texture": "#1"},
				"east": {"uv": [0, 0, 7, 2], "texture": "#1"},
				"south": {"uv": [0, 0, 1, 2], "texture": "#1"},
				"west": {"uv": [0, 0, 7, 2], "texture": "#1"},
				"up": {"uv": [0, 0, 1, 7], "rotation": 180, "texture": "#1"},
				"down": {"uv": [0, 0, 1, 7], "rotation": 180, "texture": "#1"}
			}
		},
		{
			"from": [-5.25, -1, 2.5],
			"to": [-4.25, 1, 13.5],
			"rotation": {"angle": 22.5, "axis": "y", "origin": [8, 0.5, 8]},
			"faces": {
				"north": {"uv": [0, 0, 1, 2], "texture": "#1"},
				"east": {"uv": [0, 0, 11, 2], "texture": "#1"},
				"south": {"uv": [0, 0, 1, 2], "texture": "#1"},
				"west": {"uv": [0, 0, 11, 2], "texture": "#1"},
				"up": {"uv": [0, 0, 1, 11], "rotation": 180, "texture": "#1"},
				"down": {"uv": [0, 0, 1, 11], "rotation": 180, "texture": "#1"}
			}
		},
		{
			"from": [-8.75, -1, 1.5],
			"to": [-7.75, 1, 14.5],
			"rotation": {"angle": 22.5, "axis": "y", "origin": [8, 0.5, 8]},
			"faces": {
				"north": {"uv": [0, 0, 1, 2], "texture": "#1"},
				"east": {"uv": [0, 0, 13, 2], "texture": "#1"},
				"south": {"uv": [0, 0, 1, 2], "texture": "#1"},
				"west": {"uv": [0, 0, 13, 2], "texture": "#1"},
				"up": {"uv": [0, 0, 1, 13], "rotation": 180, "texture": "#1"},
				"down": {"uv": [0, 0, 1, 13], "rotation": 180, "texture": "#1"}
			}
		},
		{
			"from": [1.5, -1, 23.75],
			"to": [14.5, 1, 24.75],
			"rotation": {"angle": -22.5, "axis": "y", "origin": [8, 0.5, 8]},
			"faces": {
				"north": {"uv": [0, 0, 13, 2], "texture": "#1"},
				"east": {"uv": [0, 0, 1, 2], "texture": "#1"},
				"south": {"uv": [0, 0, 13, 2], "texture": "#1"},
				"west": {"uv": [0, 0, 1, 2], "texture": "#1"},
				"up": {"uv": [0, 0, 1, 13], "rotation": 90, "texture": "#1"},
				"down": {"uv": [0, 0, 1, 13], "rotation": 270, "texture": "#1"}
			}
		},
		{
			"from": [2.5, -1, 20.25],
			"to": [13.5, 1, 21.25],
			"rotation": {"angle": -22.5, "axis": "y", "origin": [8, 0.5, 8]},
			"faces": {
				"north": {"uv": [0, 0, 11, 2], "texture": "#1"},
				"east": {"uv": [0, 0, 1, 2], "texture": "#1"},
				"south": {"uv": [0, 0, 11, 2], "texture": "#1"},
				"west": {"uv": [0, 0, 1, 2], "texture": "#1"},
				"up": {"uv": [0, 0, 1, 11], "rotation": 90, "texture": "#1"},
				"down": {"uv": [0, 0, 1, 11], "rotation": 270, "texture": "#1"}
			}
		},
		{
			"from": [4.5, -1, 16.75],
			"to": [11.5, 1, 17.75],
			"rotation": {"angle": -22.5, "axis": "y", "origin": [8, 0.5, 8]},
			"faces": {
				"north": {"uv": [0, 0, 7, 2], "texture": "#1"},
				"east": {"uv": [0, 0, 1, 2], "texture": "#1"},
				"south": {"uv": [0, 0, 7, 2], "texture": "#1"},
				"west": {"uv": [0, 0, 1, 2], "texture": "#1"},
				"up": {"uv": [0, 0, 1, 7], "rotation": 90, "texture": "#1"},
				"down": {"uv": [0, 0, 1, 7], "rotation": 270, "texture": "#1"}
			}
		},
		{
			"from": [5.5, -1, 13.25],
			"to": [10.5, 1, 14.25],
			"rotation": {"angle": -22.5, "axis": "y", "origin": [8, 0.5, 8]},
			"faces": {
				"north": {"uv": [0, 0, 5, 2], "texture": "#1"},
				"east": {"uv": [0, 0, 1, 2], "texture": "#1"},
				"south": {"uv": [0, 0, 5, 2], "texture": "#1"},
				"west": {"uv": [0, 0, 1, 2], "texture": "#1"},
				"up": {"uv": [0, 0, 1, 5], "rotation": 90, "texture": "#1"},
				"down": {"uv": [0, 0, 1, 5], "rotation": 270, "texture": "#1"}
			}
		},
		{
			"from": [13.25, -1, 5.5],
			"to": [14.25, 1, 10.5],
			"rotation": {"angle": 22.5, "axis": "y", "origin": [8, 0.5, 8]},
			"faces": {
				"north": {"uv": [0, 0, 1, 2], "texture": "#1"},
				"east": {"uv": [0, 0, 5, 2], "texture": "#1"},
				"south": {"uv": [0, 0, 1, 2], "texture": "#1"},
				"west": {"uv": [0, 0, 5, 2], "texture": "#1"},
				"up": {"uv": [0, 0, 1, 5], "texture": "#1"},
				"down": {"uv": [0, 0, 1, 5], "texture": "#1"}
			}
		},
		{
			"from": [16.75, -1, 4.5],
			"to": [17.75, 1, 11.5],
			"rotation": {"angle": 22.5, "axis": "y", "origin": [8, 0.5, 8]},
			"faces": {
				"north": {"uv": [0, 0, 1, 2], "texture": "#1"},
				"east": {"uv": [0, 0, 7, 2], "texture": "#1"},
				"south": {"uv": [0, 0, 1, 2], "texture": "#1"},
				"west": {"uv": [0, 0, 7, 2], "texture": "#1"},
				"up": {"uv": [0, 0, 1, 7], "texture": "#1"},
				"down": {"uv": [0, 0, 1, 7], "texture": "#1"}
			}
		},
		{
			"from": [20.25, -1, 2.5],
			"to": [21.25, 1, 13.5],
			"rotation": {"angle": 22.5, "axis": "y", "origin": [8, 0.5, 8]},
			"faces": {
				"north": {"uv": [0, 0, 1, 2], "texture": "#1"},
				"east": {"uv": [0, 0, 11, 2], "texture": "#1"},
				"south": {"uv": [0, 0, 1, 2], "texture": "#1"},
				"west": {"uv": [0, 0, 11, 2], "texture": "#1"},
				"up": {"uv": [0, 0, 1, 11], "texture": "#1"},
				"down": {"uv": [0, 0, 1, 11], "texture": "#1"}
			}
		},
		{
			"from": [23.75, -1, 1.5],
			"to": [24.75, 1, 14.5],
			"rotation": {"angle": 22.5, "axis": "y", "origin": [8, 0.5, 8]},
			"faces": {
				"north": {"uv": [0, 0, 1, 2], "texture": "#1"},
				"east": {"uv": [0, 0, 13, 2], "texture": "#1"},
				"south": {"uv": [0, 0, 1, 2], "texture": "#1"},
				"west": {"uv": [0, 0, 13, 2], "texture": "#1"},
				"up": {"uv": [0, 0, 1, 13], "texture": "#1"},
				"down": {"uv": [0, 0, 1, 13], "texture": "#1"}
			}
		},
		{
			"from": [1.5, -1, -8.75],
			"to": [14.5, 1, -7.75],
			"rotation": {"angle": -22.5, "axis": "y", "origin": [8, 0.5, 8]},
			"faces": {
				"north": {"uv": [0, 0, 13, 2], "texture": "#1"},
				"east": {"uv": [0, 0, 1, 2], "texture": "#1"},
				"south": {"uv": [0, 0, 13, 2], "texture": "#1"},
				"west": {"uv": [0, 0, 1, 2], "texture": "#1"},
				"up": {"uv": [0, 0, 1, 13], "rotation": 270, "texture": "#1"},
				"down": {"uv": [0, 0, 1, 13], "rotation": 90, "texture": "#1"}
			}
		},
		{
			"from": [2.5, -1, -5.25],
			"to": [13.5, 1, -4.25],
			"rotation": {"angle": -22.5, "axis": "y", "origin": [8, 0.5, 8]},
			"faces": {
				"north": {"uv": [0, 0, 11, 2], "texture": "#1"},
				"east": {"uv": [0, 0, 1, 2], "texture": "#1"},
				"south": {"uv": [0, 0, 11, 2], "texture": "#1"},
				"west": {"uv": [0, 0, 1, 2], "texture": "#1"},
				"up": {"uv": [0, 0, 1, 11], "rotation": 270, "texture": "#1"},
				"down": {"uv": [0, 0, 1, 11], "rotation": 90, "texture": "#1"}
			}
		},
		{
			"from": [4.5, -1, -1.75],
			"to": [11.5, 1, -0.75],
			"rotation": {"angle": -22.5, "axis": "y", "origin": [8, 0.5, 8]},
			"faces": {
				"north": {"uv": [0, 0, 7, 2], "texture": "#1"},
				"east": {"uv": [0, 0, 1, 2], "texture": "#1"},
				"south": {"uv": [0, 0, 7, 2], "texture": "#1"},
				"west": {"uv": [0, 0, 1, 2], "texture": "#1"},
				"up": {"uv": [0, 0, 1, 7], "rotation": 270, "texture": "#1"},
				"down": {"uv": [0, 0, 1, 7], "rotation": 90, "texture": "#1"}
			}
		},
		{
			"from": [5.5, -1, 1.75],
			"to": [10.5, 1, 2.75],
			"rotation": {"angle": -22.5, "axis": "y", "origin": [8, 0.5, 8]},
			"faces": {
				"north": {"uv": [0, 0, 5, 2], "texture": "#1"},
				"east": {"uv": [0, 0, 1, 2], "texture": "#1"},
				"south": {"uv": [0, 0, 5, 2], "texture": "#1"},
				"west": {"uv": [0, 0, 1, 2], "texture": "#1"},
				"up": {"uv": [0, 0, 1, 5], "rotation": 270, "texture": "#1"},
				"down": {"uv": [0, 0, 1, 5], "rotation": 90, "texture": "#1"}
			}
		},
		{
			"from": [5.5, -1, 13.25],
			"to": [10.5, 1, 14.25],
			"rotation": {"angle": 22.5, "axis": "y", "origin": [8, 0.5, 8]},
			"faces": {
				"north": {"uv": [0, 0, 5, 2], "texture": "#1"},
				"east": {"uv": [0, 0, 1, 2], "texture": "#1"},
				"south": {"uv": [0, 0, 5, 2], "texture": "#1"},
				"west": {"uv": [0, 0, 1, 2], "texture": "#1"},
				"up": {"uv": [0, 0, 1, 5], "rotation": 90, "texture": "#1"},
				"down": {"uv": [0, 0, 1, 5], "rotation": 270, "texture": "#1"}
			}
		},
		{
			"from": [4.5, -1, 16.75],
			"to": [11.5, 1, 17.75],
			"rotation": {"angle": 22.5, "axis": "y", "origin": [8, 0.5, 8]},
			"faces": {
				"north": {"uv": [0, 0, 7, 2], "texture": "#1"},
				"east": {"uv": [0, 0, 1, 2], "texture": "#1"},
				"south": {"uv": [0, 0, 7, 2], "texture": "#1"},
				"west": {"uv": [0, 0, 1, 2], "texture": "#1"},
				"up": {"uv": [0, 0, 1, 7], "rotation": 90, "texture": "#1"},
				"down": {"uv": [0, 0, 1, 7], "rotation": 270, "texture": "#1"}
			}
		},
		{
			"from": [2.5, -1, 20.25],
			"to": [13.5, 1, 21.25],
			"rotation": {"angle": 22.5, "axis": "y", "origin": [8, 0.5, 8]},
			"faces": {
				"north": {"uv": [0, 0, 11, 2], "texture": "#1"},
				"east": {"uv": [0, 0, 1, 2], "texture": "#1"},
				"south": {"uv": [0, 0, 11, 2], "texture": "#1"},
				"west": {"uv": [0, 0, 1, 2], "texture": "#1"},
				"up": {"uv": [0, 0, 1, 11], "rotation": 90, "texture": "#1"},
				"down": {"uv": [0, 0, 1, 11], "rotation": 270, "texture": "#1"}
			}
		},
		{
			"from": [1.5, -1, 23.75],
			"to": [14.5, 1, 24.75],
			"rotation": {"angle": 22.5, "axis": "y", "origin": [8, 0.5, 8]},
			"faces": {
				"north": {"uv": [0, 0, 13, 2], "texture": "#1"},
				"east": {"uv": [0, 0, 1, 2], "texture": "#1"},
				"south": {"uv": [0, 0, 13, 2], "texture": "#1"},
				"west": {"uv": [0, 0, 1, 2], "texture": "#1"},
				"up": {"uv": [0, 0, 1, 13], "rotation": 90, "texture": "#1"},
				"down": {"uv": [0, 0, 1, 13], "rotation": 270, "texture": "#1"}
			}
		},
		{
			"from": [23.75, -1, 1.5],
			"to": [24.75, 1, 14.5],
			"rotation": {"angle": -22.5, "axis": "y", "origin": [8, 0.5, 8]},
			"faces": {
				"north": {"uv": [0, 0, 1, 2], "texture": "#1"},
				"east": {"uv": [0, 0, 13, 2], "texture": "#1"},
				"south": {"uv": [0, 0, 1, 2], "texture": "#1"},
				"west": {"uv": [0, 0, 13, 2], "texture": "#1"},
				"up": {"uv": [0, 0, 1, 13], "texture": "#1"},
				"down": {"uv": [0, 0, 1, 13], "texture": "#1"}
			}
		},
		{
			"from": [20.25, -1, 2.5],
			"to": [21.25, 1, 13.5],
			"rotation": {"angle": -22.5, "axis": "y", "origin": [8, 0.5, 8]},
			"faces": {
				"north": {"uv": [0, 0, 1, 2], "texture": "#1"},
				"east": {"uv": [0, 0, 11, 2], "texture": "#1"},
				"south": {"uv": [0, 0, 1, 2], "texture": "#1"},
				"west": {"uv": [0, 0, 11, 2], "texture": "#1"},
				"up": {"uv": [0, 0, 1, 11], "texture": "#1"},
				"down": {"uv": [0, 0, 1, 11], "texture": "#1"}
			}
		},
		{
			"from": [16.75, -1, 4.5],
			"to": [17.75, 1, 11.5],
			"rotation": {"angle": -22.5, "axis": "y", "origin": [8, 0.5, 8]},
			"faces": {
				"north": {"uv": [0, 0, 1, 2], "texture": "#1"},
				"east": {"uv": [0, 0, 7, 2], "texture": "#1"},
				"south": {"uv": [0, 0, 1, 2], "texture": "#1"},
				"west": {"uv": [0, 0, 7, 2], "texture": "#1"},
				"up": {"uv": [0, 0, 1, 7], "texture": "#1"},
				"down": {"uv": [0, 0, 1, 7], "texture": "#1"}
			}
		},
		{
			"from": [13.25, -1, 5.5],
			"to": [14.25, 1, 10.5],
			"rotation": {"angle": -22.5, "axis": "y", "origin": [8, 0.5, 8]},
			"faces": {
				"north": {"uv": [0, 0, 1, 2], "texture": "#1"},
				"east": {"uv": [0, 0, 5, 2], "texture": "#1"},
				"south": {"uv": [0, 0, 1, 2], "texture": "#1"},
				"west": {"uv": [0, 0, 5, 2], "texture": "#1"},
				"up": {"uv": [0, 0, 1, 5], "texture": "#1"},
				"down": {"uv": [0, 0, 1, 5], "texture": "#1"}
			}
		},
		{
			"from": [4.5, -1, -1.75],
			"to": [11.5, 1, -0.75],
			"rotation": {"angle": 22.5, "axis": "y", "origin": [8, 0.5, 8]},
			"faces": {
				"north": {"uv": [0, 0, 7, 2], "texture": "#1"},
				"east": {"uv": [0, 0, 1, 2], "texture": "#1"},
				"south": {"uv": [0, 0, 7, 2], "texture": "#1"},
				"west": {"uv": [0, 0, 1, 2], "texture": "#1"},
				"up": {"uv": [0, 0, 1, 7], "rotation": 270, "texture": "#1"},
				"down": {"uv": [0, 0, 1, 7], "rotation": 90, "texture": "#1"}
			}
		},
		{
			"from": [2.5, -1, -5.25],
			"to": [13.5, 1, -4.25],
			"rotation": {"angle": 22.5, "axis": "y", "origin": [8, 0.5, 8]},
			"faces": {
				"north": {"uv": [0, 0, 11, 2], "texture": "#1"},
				"east": {"uv": [0, 0, 1, 2], "texture": "#1"},
				"south": {"uv": [0, 0, 11, 2], "texture": "#1"},
				"west": {"uv": [0, 0, 1, 2], "texture": "#1"},
				"up": {"uv": [0, 0, 1, 11], "rotation": 270, "texture": "#1"},
				"down": {"uv": [0, 0, 1, 11], "rotation": 90, "texture": "#1"}
			}
		},
		{
			"from": [1.5, -1, -8.75],
			"to": [14.5, 1, -7.75],
			"rotation": {"angle": 22.5, "axis": "y", "origin": [8, 0.5, 8]},
			"faces": {
				"north": {"uv": [0, 0, 13, 2], "texture": "#1"},
				"east": {"uv": [0, 0, 1, 2], "texture": "#1"},
				"south": {"uv": [0, 0, 13, 2], "texture": "#1"},
				"west": {"uv": [0, 0, 1, 2], "texture": "#1"},
				"up": {"uv": [0, 0, 1, 13], "rotation": 270, "texture": "#1"},
				"down": {"uv": [0, 0, 1, 13], "rotation": 90, "texture": "#1"}
			}
		},
		{
			"from": [-8.75, -1, 1.5],
			"to": [-7.75, 1, 14.5],
			"rotation": {"angle": -22.5, "axis": "y", "origin": [8, 0.5, 8]},
			"faces": {
				"north": {"uv": [0, 0, 1, 2], "texture": "#1"},
				"east": {"uv": [0, 0, 13, 2], "texture": "#1"},
				"south": {"uv": [0, 0, 1, 2], "texture": "#1"},
				"west": {"uv": [0, 0, 13, 2], "texture": "#1"},
				"up": {"uv": [0, 0, 1, 13], "rotation": 180, "texture": "#1"},
				"down": {"uv": [0, 0, 1, 13], "rotation": 180, "texture": "#1"}
			}
		},
		{
			"from": [-5.25, -1, 2.5],
			"to": [-4.25, 1, 13.5],
			"rotation": {"angle": -22.5, "axis": "y", "origin": [8, 0.5, 8]},
			"faces": {
				"north": {"uv": [0, 0, 1, 2], "texture": "#1"},
				"east": {"uv": [0, 0, 11, 2], "texture": "#1"},
				"south": {"uv": [0, 0, 1, 2], "texture": "#1"},
				"west": {"uv": [0, 0, 11, 2], "texture": "#1"},
				"up": {"uv": [0, 0, 1, 11], "rotation": 180, "texture": "#1"},
				"down": {"uv": [0, 0, 1, 11], "rotation": 180, "texture": "#1"}
			}
		},
		{
			"from": [-1.75, -1, 4.5],
			"to": [-0.75, 1, 11.5],
			"rotation": {"angle": -22.5, "axis": "y", "origin": [8, 0.5, 8]},
			"faces": {
				"north": {"uv": [0, 0, 1, 2], "texture": "#1"},
				"east": {"uv": [0, 0, 7, 2], "texture": "#1"},
				"south": {"uv": [0, 0, 1, 2], "texture": "#1"},
				"west": {"uv": [0, 0, 7, 2], "texture": "#1"},
				"up": {"uv": [0, 0, 1, 7], "rotation": 180, "texture": "#1"},
				"down": {"uv": [0, 0, 1, 7], "rotation": 180, "texture": "#1"}
			}
		},
		{
			"from": [1.75, -1, 5.5],
			"to": [2.75, 1, 10.5],
			"rotation": {"angle": -22.5, "axis": "y", "origin": [8, 0.5, 8]},
			"faces": {
				"north": {"uv": [0, 0, 1, 2], "texture": "#1"},
				"east": {"uv": [0, 0, 5, 2], "texture": "#1"},
				"south": {"uv": [0, 0, 1, 2], "texture": "#1"},
				"west": {"uv": [0, 0, 5, 2], "texture": "#1"},
				"up": {"uv": [0, 0, 1, 5], "rotation": 180, "texture": "#1"},
				"down": {"uv": [0, 0, 1, 5], "rotation": 180, "texture": "#1"}
			}
		},
		{
			"from": [5.5, -1, 1.75],
			"to": [10.5, 1, 2.75],
			"rotation": {"angle": 22.5, "axis": "y", "origin": [8, 0.5, 8]},
			"faces": {
				"north": {"uv": [0, 0, 5, 2], "texture": "#1"},
				"east": {"uv": [0, 0, 1, 2], "texture": "#1"},
				"south": {"uv": [0, 0, 5, 2], "texture": "#1"},
				"west": {"uv": [0, 0, 1, 2], "texture": "#1"},
				"up": {"uv": [0, 0, 1, 5], "rotation": 270, "texture": "#1"},
				"down": {"uv": [0, 0, 1, 5], "rotation": 90, "texture": "#1"}
			}
		},
		{
			"from": [-16, -1, 7.5],
			"to": [32, 1, 8.5],
			"rotation": {"angle": -45, "axis": "y", "origin": [8, 0.5, 8]},
			"faces": {
				"north": {"uv": [0, 0, 16, 2], "texture": "#1"},
				"east": {"uv": [0, 0, 1, 2], "texture": "#1"},
				"south": {"uv": [0, 0, 16, 2], "texture": "#1"},
				"west": {"uv": [0, 0, 1, 2], "texture": "#1"},
				"up": {"uv": [0, 0, 16, 1], "rotation": 180, "texture": "#1"},
				"down": {"uv": [0, 0, 16, 1], "rotation": 180, "texture": "#1"}
			}
		}
	],
	"display": {
		"thirdperson_righthand": {
			"rotation": [-90, 0, 0],
			"translation": [0, 1.5, -1],
			"scale": [0.21, 0.21, 0.21]
		},
		"thirdperson_lefthand": {
			"rotation": [-90, 0, 0],
			"translation": [0, 1.5, -1],
			"scale": [0.21, 0.21, 0.21]
		},
		"firstperson_righthand": {
			"rotation": [48, 0, 0],
			"translation": [0, 4.75, 3.25],
			"scale": [0.29, 0.29, 0.29]
		},
		"firstperson_lefthand": {
			"rotation": [48, 0, 0],
			"translation": [0, 4.75, 3.25],
			"scale": [0.29, 0.29, 0.29]
		},
		"ground": {
			"translation": [0, 6, 0]
		},
		"gui": {
			"rotation": [39, 73, 0],
			"translation": [0, 2, 0],
			"scale": [0.31, 0.31, 0.31]
		},
		"head": {
			"translation": [0, -25, 0],
			"scale": [2.4, 2.4, 2.4]
		},
		"fixed": {
			"rotation": [90, 0, 0],
			"translation": [0, 0, 3],
			"scale": [0.4, 0.4, 0.4]
		}
	}
}