{
	"credit": "Made with Blockbench",
	"textures": {
		"0": "move/vine_seed",
		"particle": "move/vine_seed"
	},
	"elements": [
		{
			"from": [5.5, -1.5, 4.5],
			"to": [9.5, 2.5, 10.5],
			"rotation": {"angle": 45, "axis": "x", "origin": [8, 0, 8]},
			"faces": {
				"north": {"uv": [0, 0, 2, 5], "rotation": 180, "texture": "#0"},
				"east": {"uv": [11, 11, 16, 16], "rotation": 90, "texture": "#0"},
				"south": {"uv": [0, 0, 2, 5], "texture": "#0"},
				"west": {"uv": [11, 11, 16, 16], "rotation": 270, "texture": "#0"},
				"up": {"uv": [0, 0, 2, 5], "texture": "#0"},
				"down": {"uv": [0, 0, 2, 5], "rotation": 180, "texture": "#0"}
			}
		},
		{
			"from": [4.5, -1.5, 5.5],
			"to": [10.5, 2.5, 9.5],
			"rotation": {"angle": 45, "axis": "x", "origin": [8, 0, 8]},
			"faces": {
				"north": {"uv": [0, 0, 2, 5], "rotation": 180, "texture": "#0"},
				"east": {"uv": [11, 11, 16, 16], "rotation": 90, "texture": "#0"},
				"south": {"uv": [0, 0, 2, 5], "texture": "#0"},
				"west": {"uv": [11, 11, 16, 16], "rotation": 270, "texture": "#0"},
				"up": {"uv": [0, 0, 2, 5], "texture": "#0"},
				"down": {"uv": [0, 0, 2, 5], "rotation": 180, "texture": "#0"}
			}
		},
		{
			"from": [5.5, -2.5, 5.5],
			"to": [9.5, 3.5, 9.5],
			"rotation": {"angle": 45, "axis": "x", "origin": [8, 0, 8]},
			"faces": {
				"north": {"uv": [0, 0, 2, 5], "rotation": 180, "texture": "#0"},
				"east": {"uv": [11, 11, 16, 16], "rotation": 90, "texture": "#0"},
				"south": {"uv": [0, 0, 2, 5], "texture": "#0"},
				"west": {"uv": [11, 11, 16, 16], "rotation": 270, "texture": "#0"},
				"up": {"uv": [0, 0, 2, 5], "texture": "#0"},
				"down": {"uv": [0, 0, 2, 5], "rotation": 180, "texture": "#0"}
			}
		},
		{
			"from": [7, 3, 7],
			"to": [8, 6, 8],
			"rotation": {"angle": 45, "axis": "x", "origin": [8, 0, 8]},
			"faces": {
				"north": {"uv": [5, 0, 6, 3], "rotation": 180, "texture": "#0"},
				"east": {"uv": [5, 0, 6, 3], "rotation": 90, "texture": "#0"},
				"south": {"uv": [5, 0, 6, 3], "texture": "#0"},
				"west": {"uv": [5, 0, 6, 3], "rotation": 270, "texture": "#0"},
				"up": {"uv": [5, 0, 6, 1], "texture": "#0"},
				"down": {"uv": [5, 0, 6, 1], "rotation": 180, "texture": "#0"}
			}
		},
		{
			"from": [6, 2, 12.75],
			"to": [9, 7, 13.75],
			"rotation": {"angle": -22.5, "axis": "x", "origin": [8, 0, 8]},
			"faces": {
				"north": {"uv": [13, 6, 16, 11], "texture": "#0"},
				"east": {"uv": [15, 0, 16, 5], "texture": "#0"},
				"south": {"uv": [13, 0, 16, 5], "texture": "#0"},
				"west": {"uv": [15, 0, 16, 5], "texture": "#0"},
				"up": {"uv": [13, 0, 16, 1], "texture": "#0"},
				"down": {"uv": [13, 0, 16, 1], "texture": "#0"}
			}
		}
	],
	"display": {
		"thirdperson_righthand": {
			"rotation": [-135, 0, -180],
			"translation": [-0.25, 4, 3.75],
			"scale": [0.75, 0.75, 0.75]
		},
		"thirdperson_lefthand": {
			"rotation": [-135, 0, -180],
			"translation": [-0.25, 4, 3.75],
			"scale": [0.75, 0.75, 0.75]
		},
		"firstperson_righthand": {
			"rotation": [60, 180, 0],
			"translation": [6.75, 0, 0.75],
			"scale": [1.58, 1.58, 1.58]
		},
		"firstperson_lefthand": {
			"rotation": [60, 180, 0],
			"translation": [6.75, 0, 0.75],
			"scale": [1.58, 1.58, 1.58]
		},
		"ground": {
			"translation": [0, 8, 0]
		},
		"gui": {
			"rotation": [0, -45, 0],
			"translation": [0, 5.25, 0]
		},
		"head": {
			"translation": [0, -27, 0],
			"scale": [2, 2, 2]
		},
		"fixed": {
			"rotation": [0, 90, 0],
			"translation": [0, 6.25, -1]
		}
	}
}